品牌,车型,续航里程,慢充时间,快充时间,电池容量/kwh,最大功率/kw,最大扭矩/nm,每月销量,每年销量,当月价格,评分,口碑数量,指导价格
奥迪,奥迪Q2L e-tron,265,17,0.6,39.7,,,498,2980,16.72,3.0分,,22.68-23.73万
奥迪,奥迪A6L混动,54,,2.5,14.1,270,500,599,2752,41.84,4.0分,1篇口碑,50.8万
奥迪,奥迪A7混动,,,,,,,,,,3.0分,,
奥迪,A9 E-tron,,,,,,,,,,3.0分,,
奥迪,AI:TRAIL quattro,,,,,,,,,,3.0分,,
奥迪,奥迪Q7混动,56,10.8,2.5,17.3,270,700,2,237,57.21,3.0分,3篇口碑,79.08万
奥迪,AI:me,,,,,,,,,,3.0分,,
奥迪,奥迪A3混动,50,5,2.5,8.8,75,330,,,,3.0分,,
奥迪,奥迪A6混动,,,,,,,,,,3.0分,,
奥迪,奥迪A8混动,3,,,1.3,,,,,,3.0分,,
奥迪,奥迪e-tron（进口）,470,8.5,0.67,95,,,317,1491,56.44,3.0分,,69.28-82.86万
奥迪,奥迪Q5混动,,,,,,,,,,3.0分,,
奥迪,奥迪Q4 e-tron,,,,,,,,,,3.0分,,
宝马,宝马iX3,490,7.5,0.75,74,,,,,,3.0分,,
宝马,宝马X1混动,110,,,,,,284,2822,34.31,4.0分,3篇口碑,39.98万
宝马,宝马5系混动,95,3.9,,17.7,215,420,2294,18262,47.92,2.5分,3篇口碑,49.99-53.69万
宝马,宝马3系混动,,,,,,,,,,3.0分,,
宝马,宝马7系纯电,,,,,,,,,,3.0分,,
宝马,宝马X2混动,,,,,,,,,,3.0分,,
宝马,宝马5系混动（进口）,,,,,250,450,,,,3.0分,,
宝马,宝马7系混动,42,4,3,9.2,240,500,,,,3.0分,,
宝马,宝马X5混动,85,6.5,,24,290,600,102,425,84.56,3.0分,,85.99万
宝马,宝马X6混动,,,,,,,,,,3.0分,,
宝马,宝马X7混动,,,,,,,,,,3.0分,,
宝马,i Hydrogen NEXT,,,,,,,,,,3.0分,,
宝马,宝马i3,340,4.9,0.7,42.2,,,92,790,25.91,3.7分,5篇口碑,30.58万
宝马,宝马i7,,,,,,,,,,3.0分,,
宝马,宝马i8混动,50,,,11.6,266,570,7,91,暂无,3.6分,89篇口碑,195.8-202.8万
宝马,宝马iX1,,,,,,,,,,3.0分,,
宝马,宝马iX3（进口）,,,,,,,,,,3.0分,,
宝马,宝马i4,,,,,,,,,,3.0分,,
奔驰,奔驰E级混动,50,,,14,,,5,404,47.1,3.0分,,50.98万
奔驰,奔驰C级混动,,,,,,,,,,3.0分,,
奔驰,奔驰EQC,408,12,0.75,79.2,,,611,1693,52.44,3.0分,,49.98-62.28万
奔驰,奔驰GLC新能源,,,,,,,,,,3.0分,,
奔驰,奔驰B级新能源,,,,,,,,,,3.0分,,
奔驰,奔驰A级新能源(进口),,,,,,,,,,3.0分,,
奔驰,奔驰C级混动（进口）,31,3,1.5,6.2,215,599,,,,3.0分,,
奔驰,奔驰GLE级混动,30,2,,8.8,330,650,,,,3.0分,,
奔驰,奔驰S级混动,32,,2,8.7,325,650,,,,3.0分,,
奔驰,奔驰EQE,,,,,,,,,,3.0分,,
奔驰,奔驰Vision EQXX,,,,,,,,,,3.0分,,
奔驰,奔驰EQA,,,,,,,,,,3.0分,92篇口碑,
奔驰,奔驰EQB,,,,,,,,,,3.0分,,
奔驰,奔驰EQC（进口）,,,,,,,,,,3.0分,,
奔驰,奔驰Vision EQS,,,,,,,,,,3.0分,,
奔驰,奔驰EQV,,,,,,,,,,3.0分,,
奔驰,Generation EQ,,,,,,,,,,3.0分,5篇口碑,
别克,Enspire新能源,,,,,,,,,,3.0分,,
别克,微蓝7,500,9.5,0.65,55.6,,,84,701,18.34,5.0分,2篇口碑,17.98-19.98万
别克,微蓝,410,8,0.67,52.5,,,848,4774,15.65,3.0分,,15.98-19.98万
别克,VELITE 5混动,116,4.7,,18,110,398,,,,3.0分,42篇口碑,
别克,微蓝VELITE 6混动,60,2.6,,9.5,135,380,,,,3.0分,,15.98-17.98万
丰田,C-HR EV,400,6.5,0.83,,,,52,532,21.37,3.0分,,22.58-24.98万
丰田,雷凌混动,55,3,,10.5,90,207,585,3445,16.79,3.0分,1篇口碑,20.38-21.88万
丰田,卡罗拉混动,55,,,10.5,100,,730,4756,17.32,3.0分,,20.78-23.08万
丰田,奕泽IZOA E进擎,400,6.5,0.83,54.3,,,39,248,20.64,3.0分,,22.58-25.38万
丰田,RAV4-EV,,,,,,,,,,2.8分,2篇口碑,
沃尔沃,沃尔沃S90混动,53,8,3,11.6,288,640,209,1527,46.59,3.0分,2篇口碑,49.99-104.39万
沃尔沃,沃尔沃XC60混动,50,8,3,11.6,288,640,170,1019,45.89,5.0分,2篇口碑,52.79-60.59万
沃尔沃,沃尔沃S60混动,52,8,,11.6,288,640,68,235,36.09,3.0分,29篇口碑,39.99-46.19万
沃尔沃,沃尔沃XC40电动,,,,,,,,,,3.0分,,
沃尔沃,沃尔沃XC90混动,50,8,3,11.6,288,640,1,4,72.55,3.0分,,89.49万
沃尔沃,沃尔沃XC100,,,,,,,,,,3.0分,,
沃尔沃,沃尔沃XC40新能源,,,,,,,,,,3.0分,,
长安汽车,CS55 E-Rock,605,14.5,0.58,84.2,,,95,136,17.37,3.0分,,15.99-20.09万
荣威,科莱威Clever,302,5.5,,29.13,,,584,4474,4.5,3.0分,,4.6万
荣威,极光号,,,,,,,,,,3.0分,,
荣威,荣威e50,170,8,0.5,22.4,52,155,,,,3.6分,127篇口碑,
荣威,荣威RX5 MAX混动,70,5,,16.6,,,235,1835,20.33,3.0分,,19.58-23.58万
荣威,荣威Vision-E,,,,,,,,,,5.0分,1篇口碑,
荣威,荣威e550,,,,,67,464,,,,5.0分,1篇口碑,
荣威,荣威e950混动,60,3,,12,,,57,162,暂无,2.4分,14篇口碑,
荣威,荣威Ei5,501,9.5,0.5,61.1,,,1242,7982,14.53,1.0分,2篇口碑,12.88-16.11万
荣威,荣威ei6混动,51,3.5,,9.1,224,480,565,5745,15.29,3.0分,5篇口碑,14.78-20.18万
荣威,荣威ei6 MAX,70,,,,224,480,,,,3.0分,,13.68-15.68万
荣威,荣威ERX5纯电,320,7,0.67,48.3,85,255,70,222,18.43,3.0分,,27.18-29.68万
荣威,荣威Marvel X,665,8.5,0.67,,,,63,601,25.95,5.0分,3篇口碑,26.88-30.88万
荣威,荣威eRX5混动,52,3,,11.1,224,480,658,3554,16.99,4.3分,40篇口碑,15.58-16.58万
AEV ROBOTICS,Modular Vehicle ,,,,,,,,,,3.0分,,
Apex,APEX AP-0,,,,,,,,,,3.0分,,
Aspark,Aspark Owl,,,,,,,,,,3.0分,,
阿斯顿·马丁,Rapide E新能源,,,,,,,,,,3.0分,,
奥迪,奥迪Q2L e-tron,265,17,0.6,39.7,,,498,2980,16.72,3.0分,,22.68-23.73万
奥迪,奥迪A6L混动,54,,2.5,14.1,270,500,599,2752,41.84,4.0分,1篇口碑,50.8万
奥迪,奥迪A7混动,,,,,,,,,,3.0分,,
奥迪,A9 E-tron,,,,,,,,,,3.0分,,
奥迪,AI:TRAIL quattro,,,,,,,,,,3.0分,,
奥迪,奥迪Q7混动,56,10.8,2.5,17.3,270,700,2,237,57.21,3.0分,3篇口碑,79.08万
奥迪,AI:me,,,,,,,,,,3.0分,,
奥迪,奥迪A3混动,50,5,2.5,8.8,75,330,,,,3.0分,,
奥迪,奥迪A6混动,,,,,,,,,,3.0分,,
奥迪,奥迪A8混动,3,,,1.3,,,,,,3.0分,,
奥迪,奥迪e-tron（进口）,470,8.5,0.67,95,,,317,1491,56.44,3.0分,,69.28-82.86万
奥迪,奥迪Q5混动,,,,,,,,,,3.0分,,
奥迪,奥迪Q4 e-tron,,,,,,,,,,3.0分,,
爱驰,爱驰U6,,,,,,,,,,3.0分,,
爱驰,Gumpert Nathalie,,,,,,,,,,3.0分,,
爱驰,爱驰RG Nathalie新能源,,,,,,,,,,3.0分,,
爱驰,爱驰U5,600,,,,,,238,926,21.08,3.0分,,16.69-24.99万
爱驰,爱驰U7,,,,,,,,,,3.0分,,
ARCFOX,ARCFOX αT,600,15.5,0.58,93.6,,,,,,5.0分,1篇口碑,24.19-31.99万
ARCFOX,ARCFOX αS,,,,,,,,,,3.0分,,
ARCFOX,ARCFOX-1,,,,,,,,,,3.0分,,
ARCFOX,ARCFOX-GT,,,,,,,,,,3.0分,,
ARCFOX,ARCFOX-7,,,,,,,,,,3.0分,,
Bollinger Motors,Bollinger B1,,,,,,,,,,3.0分,,
Bollinger Motors,Bollinger B2,,,,,,,,,,3.0分,,
巴博斯,巴博斯Ultimate E,,,,,,,,,,3.0分,,
宝马,宝马iX3,490,7.5,0.75,74,,,,,,3.0分,,
宝马,宝马X1混动,110,,,,,,284,2822,34.31,4.0分,3篇口碑,39.98万
宝马,宝马5系混动,95,3.9,,17.7,215,420,2294,18262,47.92,2.5分,3篇口碑,49.99-53.69万
宝马,宝马3系混动,,,,,,,,,,3.0分,,
宝马,宝马7系纯电,,,,,,,,,,3.0分,,
宝马,宝马X2混动,,,,,,,,,,3.0分,,
宝马,宝马5系混动（进口）,,,,,250,450,,,,3.0分,,
宝马,宝马7系混动,42,4,3,9.2,240,500,,,,3.0分,,
宝马,宝马X5混动,85,6.5,,24,290,600,102,425,84.56,3.0分,,85.99万
宝马,宝马X6混动,,,,,,,,,,3.0分,,
宝马,宝马X7混动,,,,,,,,,,3.0分,,
宝马,i Hydrogen NEXT,,,,,,,,,,3.0分,,
宝马,宝马i3,340,4.9,0.7,42.2,,,92,790,25.91,3.7分,5篇口碑,30.58万
宝马,宝马i7,,,,,,,,,,3.0分,,
宝马,宝马i8混动,50,,,11.6,266,570,7,91,暂无,3.6分,89篇口碑,195.8-202.8万
宝马,宝马iX1,,,,,,,,,,3.0分,,
宝马,宝马iX3（进口）,,,,,,,,,,3.0分,,
宝马,宝马i4,,,,,,,,,,3.0分,,
保时捷,Macan纯电,,,,,,,,,,3.0分,,
保时捷,Taycan,414,,,79.2,,,198,198,132.73,3.0分,23篇口碑,88.8-179.8万
保时捷,Panamera纯电,,,,,,,,,,3.0分,,
保时捷,卡宴混动,51,,,14.1,284,600,4,8,93.68,3.0分,,92.3-101.2万
保时捷,Pajun,,,,,,,,,,3.0分,,
保时捷,Panamera混动,,,,17.9,514,870,226,1219,155.44,3.0分,,116.8-248.3万
奔驰,奔驰E级混动,50,,,14,,,5,404,47.1,3.0分,,50.98万
奔驰,奔驰C级混动,,,,,,,,,,3.0分,,
奔驰,奔驰EQC,408,12,0.75,79.2,,,611,1693,52.44,3.0分,,49.98-62.28万
奔驰,奔驰GLC新能源,,,,,,,,,,3.0分,,
奔驰,奔驰B级新能源,,,,,,,,,,3.0分,,
奔驰,奔驰A级新能源(进口),,,,,,,,,,3.0分,,
奔驰,奔驰C级混动（进口）,31,3,1.5,6.2,215,599,,,,3.0分,,
奔驰,奔驰GLE级混动,30,2,,8.8,330,650,,,,3.0分,,
奔驰,奔驰S级混动,32,,2,8.7,325,650,,,,3.0分,,
奔驰,奔驰EQE,,,,,,,,,,3.0分,,
奔驰,奔驰Vision EQXX,,,,,,,,,,3.0分,,
奔驰,奔驰EQA,,,,,,,,,,3.0分,92篇口碑,
奔驰,奔驰EQB,,,,,,,,,,3.0分,,
奔驰,奔驰EQC（进口）,,,,,,,,,,3.0分,,
奔驰,奔驰Vision EQS,,,,,,,,,,3.0分,,
奔驰,奔驰EQV,,,,,,,,,,3.0分,,
奔驰,Generation EQ,,,,,,,,,,3.0分,5篇口碑,
本田,CR-V混动,,,,,,,,,,3.0分,,
本田,Clarity,,,,,,,,,,3.0分,,
本田,Freed,,,,,,,,,,3.0分,,
本田,本田e,,,,,,,,,,3.0分,,
本田,Tomo,,,,,,,,,,3.0分,,
标致,标致4008混动,59,,,13,221,520,3,18,25.28,3.0分,,24.97-25.97万
标致,标致508混动,,,,,,,,,,3.0分,,
标致,标致e2008,360,8,0.5,45.24,,,1,34,17.59,3.0分,,16.6-18.8万
标致,标致E-legend,,,,,,,,,,3.0分,,
标致,标致Instinct新能源,,,,,,,,,,3.0分,,
标致,标致e-208,,,,,,,,,,3.0分,,
别克,Enspire新能源,,,,,,,,,,3.0分,,
别克,微蓝7,500,9.5,0.65,55.6,,,84,701,18.34,5.0分,2篇口碑,17.98-19.98万
别克,微蓝,410,8,0.67,52.5,,,848,4774,15.65,3.0分,,15.98-19.98万
别克,VELITE 5混动,116,4.7,,18,110,398,,,,3.0分,42篇口碑,
别克,微蓝VELITE 6混动,60,2.6,,9.5,135,380,,,,3.0分,,15.98-17.98万
宾利,飞驰混动,,,,,,,,,,3.0分,,
宾利,添越混动,50,7.5,2.5,17.3,94,350,1,1,暂无,3.0分,,219.7万
宝骏,宝骏E100,305,13.5,,28,,,814,16499,4.83,4.9分,24篇口碑,4.98-5.48万
宝骏,宝骏E200,305,13.5,,28,,,1554,10717,5.64,3.0分,,5.48-6.48万
北汽威旺,北汽威旺307EV,150,12.5,1.5,37.8,24,,,,,3.0分,,
北汽威旺,北汽威旺407,,,,,,,,,,3.0分,,
北汽新能源,北汽新能源EV,150,8,1,25.6,45,144,,,,3.6分,28篇口碑,
北汽新能源,北汽新能源EC,206,7,,,,,7,34,暂无,3.0分,29篇口碑,5.58万
北汽新能源,北汽新能源ET400,,,,,,,,,,3.0分,,
北汽新能源,北汽新能源EH系列,380,10,0.75,54.6,100,,,,,3.0分,1篇口碑,
北汽新能源,北汽新能源EC3,301,9,0.6,,45,150,1007,4008,5.59,3.0分,1篇口碑,7.38-7.98万
北汽新能源,北汽新能源EC5,403,7.5,0.5,,70,200,629,2804,8.98,3.0分,,9.99-11.99万
北汽新能源,北汽新能源ES210,210,8,1,38,80,255,,,,3.4分,11篇口碑,
北汽新能源,北汽新能源EU,300,,,45,100,250,1247,4064,暂无,4.9分,8篇口碑,
北汽新能源,北汽新能源EX,318,,,,80,230,1,10,暂无,4.0分,16篇口碑,8.49-10.39万
北汽制造,北汽大猫,,,,,,,5,44,暂无,3.0分,,4.98万
北汽制造,北汽小河马,,,,,,,,,,3.0分,,10.78-11.08万
北汽制造,北汽小猫,,,,,,,3,14,暂无,3.0分,,3.98万
奔腾,奔腾B30 EV,402,,,51.06,,,84,2956,18.35,3.0分,,18.98万
奔腾,奔腾B50 EV,,,,,,,,,,5.0分,1篇口碑,
奔腾,奔腾E01,450,9.5,0.5,61.34,,,,,,3.0分,,19.68-22.88万
奔腾,奔腾X40 EV,352,,,52.5,,,38,414,18.11,3.0分,,18.38-19.38万
比亚迪,宋PLUS EV,,,,,,,,,,3.0分,,
比亚迪,比亚迪D1,,,,,,,,,,3.0分,,
比亚迪,比亚迪e1,305,,1.5,32.2,,,140,1478,6.59,3.0分,,5.99-7.99万
比亚迪,比亚迪e2,305,,0.5,35.2,,,2367,12272,10.14,3.0分,,8.98-11.98万
比亚迪,比亚迪e3,405,,0.67,47.3,,,661,3739,11.13,3.0分,,13.63-14.23万
比亚迪,比亚迪e5,405,,,,100,180,356,3168,暂无,3.7分,15篇口碑,
比亚迪,比亚迪e6,400,10,3,82,120,450,,,,2.9分,90篇口碑,
比亚迪,比亚迪e-SEED GT,,,,,,,,,,4.0分,1篇口碑,
比亚迪,比亚迪汉EV,550,,0.42,76.9,,,2517,3860,25.6,4.0分,20篇口碑,22.98-27.95万
比亚迪,比亚迪汉DM,81,,0.42,15.2,321,650,1511,1659,23.13,3.0分,1篇口碑,21.98-23.98万
比亚迪,比亚迪秦DM,80,,,15.2,223,440,16,45,暂无,3.0分,,13.29-14.29万
比亚迪,比亚迪秦EV,400,,0.5,53.1,,,3340,16265,12.6,3.9分,332篇口碑,12.99-17.48万
比亚迪,比亚迪秦Pro DM,53,,,9.03,228,495,374,3302,15.45,3.0分,,13.69-20.69万
比亚迪,比亚迪秦Pro EV,401,,0.5,53.1,,,447,3375,17.14,3.0分,1篇口碑,14.99-20.49万
比亚迪,比亚迪S2,305,,1.1,40.62,70,180,40,710,9.09,3.0分,,8.98-10.98万
比亚迪,比亚迪宋DM,80,,,,333,740,14,575,暂无,3.8分,9篇口碑,
比亚迪,比亚迪宋EV,500,,1.5,62,,,2,135,暂无,3.0分,,
比亚迪,比亚迪宋MAX DM,81,5,,9.98,228,495,113,1378,17.18,3.0分,1篇口碑,14.99-19.69万
比亚迪,比亚迪宋MAX EV,401,,1.5,59.1,,,,,,3.0分,,17.98-19.98万
比亚迪,比亚迪宋Pro DM,81,5,,15.7,230,530,752,5880,19.23,3.0分,,16.98-21.98万
比亚迪,比亚迪宋Pro EV,502,,1.2,71,135,280,422,3417,18.36,3.0分,,17.98-21.98万
比亚迪,比亚迪唐DM,100,,,22.3,431,900,2001,7463,25.86,4.7分,326篇口碑,23.68-28.68万
比亚迪,比亚迪唐EV,505,,0.5,82.8,,,27,776,29.55,3.0分,,27.95-31.48万
比亚迪,比亚迪元EV,305,7,0.5,42,,,1067,8917,11.13,3.0分,,8.99-13.99万
比亚迪,比亚迪元混动,85,,,,110,,,,,3.0分,,
比亚迪,比亚迪F0新能源,,,,,,,,,,3.0分,,
比亚迪,宋PLUS DM,,,,,,,,,,3.0分,,
宝骐汽车,帅骐,,,,25.92,,,,,,3.0分,,9.98万
宝沃,宝沃BXi5 ,,,,,,,,,,3.0分,,
宝沃,宝沃BXi7 EV,308,8,0.5,49,,,1,2,暂无,3.0分,,35.88-37.88万
BEIJING汽车,BEIJING-X7 PHEV,83,,3,17.3,234,460,,,,3.0分,,18.49-21.69万
BEIJING汽车,BEIJING-EU5,,9,0.5,,,,1517,12238,14.52,3.0分,,12.99-17.19万
BEIJING汽车,BEIJING-EX3,421,8.5,0.5,,,,261,2113,12.13,3.0分,,11.99-16.39万
BEIJING汽车,RADIANCE,,,,,,,,,,3.0分,,
BEIJING汽车,北汽新能源EX5,415,10.5,0.5,,,,87,388,14.53,3.0分,,16.99-19.99万
BEIJING汽车,BEIJING-EU7,451,10,0.5,,160,300,306,1524,15.62,3.0分,,15.99-17.59万
北京清行,清行400,305,8,1,45.5,60,220,,,,3.0分,,
北汽昌河,北汽EV2,103,2,,10.37,,,,,,3.0分,,3.7-4.1万
北汽昌河,北斗星EC100,100,4,,11.52,,,2,7,4.3,3.0分,,4.58-4.98万
北汽昌河,北汽EV5,270,7,0.7,43,,,,,,3.0分,,10.38-11.38万
北汽昌河,昌河EV3,,,,,,,,,,3.0分,,
比德文汽车,比德文E3,160,9,,15.33,,,,,,3.0分,,4.98-6.28万
宾尼法利纳,Battista,,,,,,,,,,3.0分,,
宾尼法利纳,H2 Speed,,,,,,,,,,3.0分,,
宾尼法利纳,Pura Vision,,,,,,,,,,3.0分,,
博郡汽车,博郡iV7,,,,,,,,,,3.0分,,
博郡汽车,博郡iV6,,,,,,,,,,3.0分,,
Canoo,Canoo EV,,,,,,,,,,3.0分,,
Cupra,Cupra LEON,,,,,,,,,,3.0分,,
Cupra,Formentor,,,,,,,,,,3.0分,,
Cupra,Tavascan,,,,,,,,,,3.0分,,
Cupra,e-Racer,,,,,,,,,,3.0分,,
Czinger,Czinger 21C,,,,,,,,,,3.0分,,
长安汽车,CS55 E-Rock,605,14.5,0.58,84.2,,,95,136,17.37,3.0分,,15.99-20.09万
长城,长城C30 EV,270,,0.66,37.23,,,,,,3.0分,18篇口碑,
长城,长城炮新能源,,,,,,,,,,3.0分,,25.18-26.78万
长城,风骏7 EV,,,,,,,,,,3.0分,,
成功汽车,成功BEV6,306,,,43.8,,,,,,3.0分,,11.98万
长安欧尚,长安欧尚X7 EV,405,9,0.5,59.9,,,6,13,16.61,3.0分,,15.99-17.99万
长安欧尚,长安欧力威EV,315,8,1.5,43,67,240,,,,3.0分,,
长安欧尚,欧尚长行EV,,,0.75,,,,27,84,14.76,3.0分,,16.98万
长安欧尚,长安欧尚科尚EV,401,,,57.9,,,51,125,16.63,3.0分,,16.68万
长安欧尚,尼欧Ⅱ,205,8,,21.03,,,,,,3.0分,,3.99-4.29万
长安欧尚,欧诺SEV,310,8,1,44.85,,,,,,3.0分,,17.58万
长安欧尚,欧尚E01,,,,,,,,,,3.0分,,
长安欧尚,欧尚A600 EV,401,,1.5,,,,24,188,12.84,3.0分,,14.98-15.49万
长安凯程,长安星卡EV,190,10,1.5,33.28,,,,,,3.0分,,11.98-12.28万
长安凯程,长安之星9EV,290,10,1,,,,,,,3.0分,,13.18-13.98万
长安凯程,睿行EM80 EV,240,12,2,41.86,,,,,,3.0分,,13.58-13.98万
长安凯程,睿行ES30 EV,305,10,,32.85,45,160,,,,3.0分,,6.68-6.98万
长安新能源,E-Pro,401,8.7,0.5,48.3,,,110,509,9.78,3.0分,,10.69-12.69万
长安新能源,奔奔E-Star,301,8.35,0.5,32.2,,,,,,3.0分,,6.98-7.48万
长安新能源,逸动混动,60,4,,,80,260,,,,3.0分,,
长安新能源,奔奔EV,301,,,,,,713,3437,6.3,3.0分,1篇口碑,4.98-8.18万
长安新能源,长安CS75混动,60,3.3,,12.96,,,6,752,16.23,3.0分,,17.68-20.78万
长安新能源,长安CS15EV,351,8.5,0.5,,,,,,,3.0分,24篇口碑,8.98-9.88万
长安新能源,逸动ET,405,9,0.5,52.6,,,33,70,12.57,3.0分,,13.29-14.29万
长安新能源,逸动EV,405,,0.5,52.56,,,555,4845,11.72,3.5分,5篇口碑,12.99-13.99万
长江,逸酷,,,,,,,,,,3.0分,,
昶洧汽车,昶洧SUV,,,,,,,,,,3.0分,,
Drako,Drako GTE,,,,,,,,,,3.0分,,
大众,辉昂混动,,,,,,,,,,3.0分,,
大众,朗逸 EV,278,5.5,0.7,38.1,100,290,204,3319,11.69,3.0分,,14.89万
大众,帕萨特混动,63,,,12.1,155,400,1440,9794,22.05,5.0分,1篇口碑,24.39-25.39万
大众,上汽大众ID.4X,,,,,,,,,,3.0分,,
大众,途观L混动,55,,,13,155,400,1019,5594,24.85,3.0分,,26.58-27.58万
大众,途岳e-Tharu,315,6.5,0.87,44.1,,,,,,3.0分,,19.48万
大众,宝来·纯电,270,5,0.63,40,,,282,2312,12.21,3.0分,,13.68-14.68万
大众,高尔夫·纯电,270,5,0.63,40,,,492,3532,13.86,3.0分,,14.77-16.88万
大众,迈腾GTE,56,,,,155,400,462,2024,23.75,5.0分,1篇口碑,25.39-26.89万
大众,探岳GTE,54,,,,155,400,866,3608,23.22,3.2分,3篇口碑,24.98-25.98万
大众,一汽-大众ID.4 CROZZ,,,,,,,,,,3.0分,,
大众,I.D.Lounge,,,,,,,,,,3.0分,,
大众,ID. BUGGY,,,,,,,,,,3.0分,,
大众,ID.4,,,,,,,,,,3.0分,,
大众,ID.CROZZ,,,,,,,,,,3.0分,,
大众,ID.R,,,,,,,,,,3.0分,,
大众,ID.VIZZION,,,,,,,,,,3.0分,,
大众,大众ID.3,,,,,,,,,,3.0分,,
大众,高尔夫混动（进口）,50,6,2.5,8.8,150,350,,,,3.0分,,
大众,高尔夫纯电（进口）,255,6,0.67,35.8,,,77,646,16.1,3.0分,,24.08万
大众,up! EV,160,11,0.5,18.7,60,210,,,,3.0分,,
大众,蔚揽混动,50,,,9.9,160,400,95,968,24.85,3.0分,1篇口碑,30.98万
大众,途锐混动,,,,,,,,,,3.0分,,
DS,AERO SPORT LOUNGE,,,,,,,,,,3.0分,,
DS,DSXE-Tense,,,,,,,,,,3.0分,,
DS,DS 8混动,,,,,,,,,,3.0分,,
DS,DS 9混动,50,,,12,,,,,,3.0分,,
东风,锐骐6 EV,403,,1.5,67.09,,,,,,3.0分,,29.98万
东风,锐骐皮卡EV,,,,62.7,,,,,,3.0分,,26.98万
东风,帅客EV,320,15,3,54.351,,,5,68,16.09,3.0分,,16.88-17.08万
东风,富康ES500,401,6,0.5,50.8,110,260,,,,3.0分,,
东风,俊风E11K,405,,,57.757,,,82,498,21.05,3.0分,,23.38万
东风,俊风EV30,,,,,,,,,,3.0分,,
东风,俊风E17 EV,310,20,2,49.93,,,,,,3.0分,,
东风,俊风ER30,255,,,31.82,,,1,7,6.31,3.0分,,14.98万
东风,御风EV,330,,,131,,,,,,3.0分,,18.8-48.0万
东风风神,风神AX5 EV,,,,,,,,,,3.0分,,
东风风神,风神D01,,,,,,,,,,3.0分,,
东风风神,风神AX7混动,,,,,,,,,,3.0分,,
东风风神,风神E30,,,,,,,,,,3.6分,10篇口碑,
东风风神,风神E70,508,9.5,0.5,61.3,,,447,1629,14.06,3.0分,2篇口碑,13.58-15.98万
东风风神,风神EX1,,,,,,,,,,3.0分,,
东风风神,奕炫EV,400,8,0.33,47.7,,,6,7,15.28,3.0分,,14.98-15.98万
东风风行,风行T1EV,271,4,0.5,26.8,,,,,,3.0分,,
东风风行,景逸X5混动,,,,,,,,,,3.0分,,
东风风行,风行S50EV,415,11,0.75,56.9,,,26,513,14.6,3.0分,,16.49-18.49万
东风风行,菱智M5EV,420,13,1.5,70,,,107,750,12.65,3.0分,,15.79-16.99万
东风小康,小康EC36,300,15,2.5,41.86,,,368,1908,暂无,3.0分,,8.29-10.79万
东南,东南DX3 EV,351,,0.5,50.12,,,30,179,11.42,3.0分,,17.15-19.15万
大乘汽车,大乘E20,302,10,1.6,31.85,,,,,,3.0分,,12.98万
大乘汽车,大乘G60E,300,10,0.7,50,85,270,,,,3.0分,,12.18万
Dacia,Spring,,,,,,,,,,3.0分,,
大运汽车,远略S1 ,300,,0.6,32.85,,,,,,3.0分,,8.18-8.78万
大运汽车,远志M1,405,10,0.5,73.7,,,,,,3.0分,,20.4-21.4万
电咖汽车,电咖·EV10,155,6.5,0.8,21,,,,,,3.0分,,
东风风光,风光E3,100,3,,17.28,120,300,33,382,14.85,3.0分,,12.98-15.98万
东风风光,风光580混动,70,3.5,,12.69,,,1,23,暂无,3.0分,,16.99万
东风风光,风光E1,271,4,0.5,26.8,,,67,292,6.59,3.0分,,6.18-7.38万
东风富康,e爱丽舍,,,,,,,,,,3.0分,,
东风氢舟,氢舟e·H2,,,,,,,,,,3.0分,,
东风·瑞泰特,东风·瑞泰特EM30,306,13,2.5,65.5,,,,,,3.0分,,25.98万
东风·瑞泰特,东风·瑞泰特EM10,215,12,1,65.5,,,,,,3.0分,,7.98万
Faraday Future,FF 91,,,,,,,,,,3.0分,,
Faraday Future,FF ZERO1,,,,,,,,,,4.3分,3篇口碑,
Fisker,Ocean,,,,,,,,,,3.0分,,
法拉利,SF90 Stradale,25,,,7.9,735,900,,,,3.0分,,398.8万
菲亚特,菲亚特500e,,,,,,,,,,3.0分,,
菲亚特,Centoventi,,,,,,,,,,3.0分,,
丰田,C-HR EV,400,6.5,0.83,,,,52,532,21.37,3.0分,,22.58-24.98万
丰田,雷凌混动,55,3,,10.5,90,207,585,3445,16.79,3.0分,1篇口碑,20.38-21.88万
丰田,卡罗拉混动,55,,,10.5,100,,730,4756,17.32,3.0分,,20.78-23.08万
丰田,奕泽IZOA E进擎,400,6.5,0.83,54.3,,,39,248,20.64,3.0分,,22.58-25.38万
丰田,RAV4-EV,,,,,,,,,,2.8分,2篇口碑,
福特,蒙迪欧Energi混动,52,,,9,,,25,2788,暂无,3.0分,,28.08-33.78万
福特,锐际混动,,,,,,,,,,3.0分,,
福特,领界EV,435,8.4,0.53,60.4,,,,,,3.0分,,17.98-19.28万
福特,F-150纯电,,,,,,,,,,3.0分,,
福特,Mustang Mach-E,,,,,,,,,,3.0分,,
福特,C-MAX混动,,4.5,,32,138,,,,,2.9分,7篇口碑,
福特,福克斯EV,,,,,,,,,,4.1分,7篇口碑,
福特,探险者混动,,,,,,,,,,5.0分,1篇口碑,
福汽启腾,启腾N50EV,,,,,,,,,,3.0分,,11.08万
福汽启腾,启腾M70 EV,150,6,0.67,21.82,,,,,,3.0分,,9.58-13.28万
福田汽车,风景V5 EV,,,,52.92,80,240,,,,3.0分,,12.66万
福田汽车,图雅诺EV,350,14,,79.92,,,,,,3.0分,,26.47-29.72万
飞碟汽车,飞碟Q2T,,8,1.5,,,,,,,3.0分,,11.58万
飞碟汽车,飞碟Q2V,,8,1.5,,,,,,,3.0分,,11.28-11.58万
枫叶汽车,枫叶30X,306,7,0.5,37,,,230,691,7.91,3.0分,,6.88-9.58万
枫叶汽车,枫叶80V,,,,,,,,,,3.0分,,
GFG Style,2030,,,,,,,,,,3.0分,,
GFG Style,Bandini Dora,,,,,,,,,,3.0分,,
GFG Style,Kangaroo,,,,,,,,,,3.0分,,
GMC,HUMMER EV,,,,,,,,,,3.0分,,
广汽传祺,传祺GA6混动,,,,,,,,,,3.0分,,
广汽传祺,传祺GA8新能源,,,,,,,,,,3.0分,,
广汽传祺,传祺GS5新能源,,,,,,,,,,3.0分,,
广汽传祺,传祺EV Coupe,,,,,,,,,,4.9分,70篇口碑,
广汽传祺,传祺GA5混动,50,,,13,94,225,1,6,暂无,3.0分,,
观致,观致Model K-EV,,,,,,,,,,3.0分,2篇口碑,
观致,观致3 EV,,,,,,,,,,3.0分,,
广汽新能源,Aion LX(埃安LX),520,,,,,,157,2002,27.49,4.3分,2篇口碑,22.96-34.96万
广汽新能源,Aion V(埃安V),600,,,,,,1255,2208,19.62,3.0分,,15.96-23.96万
广汽新能源,传祺Enverge,,,,,,,,,,3.0分,,
广汽新能源,Aion S(埃安S),510,10,0.78,,,,,,,5.0分,1篇口碑,13.98-20.58万
广汽新能源,传祺ENTRANZE,,,,,,,,,,3.0分,,
广汽新能源,传祺GA3S混动,70,,,12,,,,,,3.0分,,
广汽新能源,传祺GE3,410,8,0.5,48.39,,,55,556,13.5,2.0分,2篇口碑,15.48-18.08万
广汽新能源,传祺GS4混动,61,,,13,,,71,397,17.65,4.9分,11篇口碑,16.38-19.38万
广汽集团,ENO.146,,,,,,,,,,3.0分,,
广汽集团,广汽丰田iA5,510,9.5,0.57,58.8,,,747,5202,15.09,3.0分,,16.98-19.28万
广汽集团,广汽IX4,270,8,0.5,,,,,,,3.0分,,21.48-22.48万
广汽集团,祺智EV,410,8,0.5,54.75,,,24,139,11.2,3.0分,1篇口碑,12.98-13.98万
广汽集团,祺智混动,60,,,13,,,,,,4.5分,2篇口碑,20.98-21.98万
广汽集团,世锐混动,,,,,,,2,58,暂无,3.0分,,
国金汽车,国金GM3,350,,,55,120,250,,,,3.0分,2篇口碑,22.98-24.98万
国机智骏,国机智骏GC1,338,12,0.5,36.2,,,251,1133,7.75,3.0分,,7.38-8.38万
国机智骏,国机智骏GC2,368,12,0.5,36.2,,,8,28,7.62,3.0分,,6.58-8.18万
国机智骏,国机智骏GT3,,,,,,,,,,3.0分,,
国机智骏,国机智骏GX5,338,7.5,0.67,46.4,,,117,899,12.71,3.0分,,11.58-13.98万
Hispano Suiza,Carmen,,,,,,,,,,3.0分,,
哈弗,哈弗HB-03,,,,,,,,,,3.0分,,
海格,海格H4E,300,12,2.5,50.8,,,,,,3.0分,,22.3-25.8万
海格,海格H6V,,,,,,,,,,3.0分,,70.8万
海马汽车,福美来E7,,,,,,,,,,3.0分,,
海马汽车,普力马EV,,,,,,,,,,3.0分,,
海马汽车,海马6P,,,,,,,,,,3.0分,,
海马汽车,海马E1,,,,,,,,,,3.0分,,
海马汽车,海马爱尚EV,301,11,,32.54,,,27,27,6.54,3.0分,,5.98-6.98万
海马汽车,海马E3,315,8,1.5,46.6,,,,,,3.0分,1篇口碑,
海马汽车,海马E5,,,,,,,,,,3.0分,,
恒天汽车,恒好EV1,,,,,,,,,,3.0分,,11.37万
恒天汽车,恒好EV7,,,,,,,,,,3.0分,,11.46万
红旗,红旗E-HS9,,,,,,,,,,2.5分,3篇口碑,
红旗,红旗HS7混动,,,,,,,,,,3.0分,,
红旗,红旗E-HS3,344,,,52.5,,,17,347,24.12,3.0分,,22.58-26.58万
红旗,红旗E·境GT,,,,,,,,,,3.0分,,
红旗,红旗H7混动版,,,,,,,,,,3.3分,3篇口碑,
红旗,红旗S9,,,,,,,,,,3.0分,,
黄海,瑞途EV,,,,,,,,,,3.0分,,25.98万
汉腾汽车,汉腾X7混动,60,,,13.13,,,,,,3.0分,,22.98-24.98万
汉腾汽车,汉腾X5 EV,252,14,0.5,42.72,,,1,68,13.7,3.0分,,18.98-20.98万
汉腾汽车,幸福e+,310,10,2,30.75,42,180,1,12,6.51,3.0分,,5.98-6.98万
HYCAN合创,HYCAN 007,,,,,,,64,248,28.09,3.0分,,25.98-40.0万
恒驰,恒驰1,,,,,,,,,,3.0分,,
恒驰,恒驰2,,,,,,,,,,4.5分,1篇口碑,
恒驰,恒驰3,,,,,,,,,,4.0分,1篇口碑,
恒驰,恒驰4,,,,,,,,,,3.0分,,
恒驰,恒驰5,,,,,,,,,,5.0分,1篇口碑,
恒驰,恒驰6,,,,,,,,,,3.0分,,
红星汽车,闪闪X2,300,7,0.67,37.6,,,,,,3.0分,,
华泰新能源,华泰EV160B,155,10,4,21,30,140,,,,3.0分,,10.28万
华泰新能源,华泰EV160R,160,10,,19.8,20,110,,,,3.0分,,10.98万
华泰新能源,华泰iEV230 ,230,12,2,39.2,80,220,,,,3.5分,2篇口碑,
华泰新能源,华泰XEV260,266,13,2,49.9,,,,,,5.0分,2篇口碑,24.58-25.88万
华泰新能源,路盛E70 EV,250,,,,,,,,,3.0分,5篇口碑,
华泰新能源,路盛S1 EV,255,7,0.5,,41.8,150,,,,3.0分,,
华骐,华骐300E,265,5,0.5,35.6,81.4,285,,,,3.0分,1篇口碑,
华人运通,Concept A,,,,,,,,,,3.0分,,
华人运通,Concept H,,,,,,,,,,3.0分,,
华人运通,高合HiPhi X,550,9,0.75,97,,,,,,3.0分,1篇口碑,68.0-80.0万
艾康尼克,艾康尼克七系,,,,,,,,,,3.0分,,
捷豹,捷豹I-PACE,456,11.4,,81,,,58,554,34.2,3.0分,2篇口碑,63.08-71.68万
捷豹,捷豹XJ EV,,,,,,,,,,3.0分,,
Jeep,大指挥官混动,70,,,,,,,,,3.0分,,30.98-33.68万
Jeep,指挥官混动,70,,,12.95,,,65,606,29.99,5.0分,1篇口碑,30.98-32.28万
Jeep,牧马人4xe,,,,,,,,,,3.0分,,
Jeep,指南者4xe,,,,,,,,,,3.0分,,
Jeep,自由侠4xe,,,,,,,,,,3.0分,,
江淮汽车,江淮iEV6S,251,11.5,1.5,33,85,270,,,,3.2分,11篇口碑,
江淮汽车,江淮iEV4,170,10,1,23,,,,,,3.4分,18篇口碑,
江淮汽车,江淮iEV5,170,8,1.5,23,50,215,15,115,7.5,3.0分,,
江淮汽车,江淮iEV6E,310,,0.67,34.9,,,180,1098,5.89,5.0分,2篇口碑,5.95-7.55万
江淮汽车,江淮iEV7,302,6,0.75,35.2,,,,,,3.0分,,8.35-8.95万
江淮汽车,江淮iEV7E,,,,,,,,,,3.0分,12篇口碑,
江淮汽车,江淮iEV7S,301,8,0.67,39,,,3,18,9.15,3.0分,,9.35-10.95万
江淮汽车,江淮iEVA50,402,10.5,0.67,56,,,30,548,14.09,3.0分,,13.95-14.55万
江淮汽车,江淮iEVA60,405,12,0.5,,110,330,,,,3.0分,,17.95-18.95万
江淮汽车,江淮iEVS4,470,11,0.67,66,110,330,38,652,13.63,3.0分,,13.55-15.95万
江淮汽车,江淮iC5,530,9,0.75,64.5,,,88,523,15.15,3.0分,,14.99-17.59万
江铃汽车,特顺EV,300,9,0.67,80.4,120,800,,,,3.0分,,20.6-24.68万
江铃汽车,域虎EV,335,10,1,66,,,,,,3.0分,,30.98-32.98万
五十铃,瑞迈EV,,,,,,,,,,3.0分,,
吉利汽车,吉利博瑞ePro,60,,,11.3,190,415,110,833,17.38,3.0分,,16.98-18.38万
吉利汽车,吉利帝豪GL混动,66,,,,,,22,261,14.57,3.0分,,15.28-16.48万
吉利汽车,吉利缤越epro,62,,1.5,11.3,190,415,151,948,13.17,3.0分,,12.58-16.98万
吉利汽车,吉利帝豪混动,61,3.5,,11.3,,,,,,4.5分,5篇口碑,16.58-18.58万
吉利汽车,吉利嘉际混动,56,,,,190,415,193,1181,16.9,3.0分,,15.98-19.28万
吉利汽车,吉利星越ePro,,,,,,,,,,3.0分,,17.58-21.68万
金龙,金威EV,320,8,2,50.232,,,,,,3.0分,,14.98-15.98万
九龙汽车,九龙EM3,250,9,2.5,,,,,,,3.0分,,8.58-10.18万
江铃集团新能源,E180,,,,,,,,,,3.0分,,
江铃集团新能源,江铃E160,252,10,,20,,,,,,3.0分,,
江铃集团新能源,江铃E200N,302,,,,,,,,,3.0分,4篇口碑,5.68-6.68万
江铃集团新能源,江铃E100B,202,6,,20.52,,,,,,3.0分,54篇口碑,
江铃集团新能源,江铃E200L,302,8,,,,,,,,5.0分,4篇口碑,5.38-6.38万
江铃集团新能源,易至EX5,405,8,0.5,55,,,1,180,11.92,3.0分,,8.98-13.28万
江铃集团新能源,易至EV3,302,,,31.9,,,102,733,7.35,3.0分,,6.68-8.38万
捷尼赛思,捷尼赛思Essentia,,,,,,,,,,3.0分,,
捷尼赛思,Mint,,,,,,,,,,3.0分,,
捷途,捷途X70S EV,401,8,0.5,56,125,300,23,125,15.97,3.0分,,17.79-19.99万
几何汽车,几何C,550,11,0.63,70,,,866,1196,15.8,3.0分,,12.98-18.28万
几何汽车,几何T,,,,,,,,,,3.0分,,
几何汽车,帝豪EV,500,9,0.5,62,,,491,3783,14.04,4.8分,12篇口碑,13.58-15.98万
几何汽车,帝豪GSe,450,7.8,0.5,61.9,,,384,2964,13.75,3.0分,,10.99-15.99万
几何汽车,几何A,500,11,0.55,61.9,,,539,3786,16.08,4.5分,1篇口碑,21.0-25.0万
金旅,金旅大海狮EV,,,,,100,,,,,3.0分,,75.0万
金旅,金旅海狮EV,230,,0.8,41.08,,,,,,3.0分,,9.28-15.08万
Karma,Karma SC2,,,,,,,,,,3.0分,,
Karma,Revero,,,,,,,,,,3.0分,,
凯迪拉克,CT6 PLUG-IN混动,80,10,5,18.4,,,,,,3.0分,,
凯迪拉克,Celestiq,,,,,,,,,,3.0分,,
凯迪拉克,Lyriq,,,,,,,,,,3.0分,,
克莱斯勒,大捷龙混动,71,,,16,,,46,259,47.26,3.0分,,49.69万
科尼赛克,Gemera,,,,,,,,,,3.0分,,
开瑞汽车,海豚EV,,8,0.5,,60,230,,,,3.0分,,14.48-14.88万
开瑞汽车,开瑞EK1,,,,,,,,,,3.0分,,
开瑞汽车,开瑞K50EV,256,,1.5,45,,,,,,3.0分,,
开瑞汽车,开瑞K60EV,351,,,51.15,,,,,,3.0分,,19.88-20.88万
开瑞汽车,优劲EV,,,,41.5,,,,,,3.0分,,11.28-11.58万
开瑞汽车,优优EV,254,,,40,,,,,,3.0分,,10.98-11.08万
凯翼,凯翼E5 EV,401,9,0.5,53.6,,,,,,3.0分,,13.98-14.58万
卡威,卡威E10,,,,,,,,,,3.0分,,
卡威,卡威E20,,,,,,,,,,3.0分,,
卡威,卡威W1 EV,250,8,1,48.52,,,,,,3.0分,,26.8万
开沃汽车,开沃D07,,,,,,,,,,3.0分,,10.48-10.88万
开沃汽车,开沃D08,,,,,,,,,,3.0分,,8.8万
开沃汽车,开沃D09,,,,,,,,,,3.0分,,11.76万
开沃汽车,开沃D10,,8,2,52.48,,,,,,3.0分,,14.88-16.88万
开沃汽车,开沃D11,,,,80.79,,,,,,3.0分,,24.98-25.98万
LITE,LITE,300,11,0.5,30,,,7,453,7.62,5.0分,2篇口碑,11.08-12.68万
Lordstown Motors,Endurance,,,,,,,,,,3.0分,,
Lucid,Lucid Air,,,,,,,,,,3.0分,,
兰博基尼,Sián,,,,,,,,,,3.0分,,
雷克萨斯,雷克萨斯LF-30,,,,,,,,,,3.0分,,
雷克萨斯,雷克萨斯UX新能源,400,6.5,0.83,54.35,,,111,820,31.73,5.0分,12篇口碑,36.2-38.5万
雷诺,雷诺e诺,271,4,0.5,26.8,33,125,30,1017,6.18,3.0分,,6.18-7.18万
雷诺,MORPHOZ,,,,,,,,,,3.0分,,
雷诺,Megane E-TECH,,,,,,,,,,3.0分,,
雷诺,Twingo Z.E.,,,,,,,,,,3.0分,,
雷诺,雷诺ZOE,,,,,,,,,,3.0分,,
铃木,北斗星X5E,260,5,0.8,32,,,42,110,暂无,3.0分,24篇口碑,
林肯,冒险家混动,,,,,,,,,,3.0分,,
林肯,飞行家混动,50,,,13.5,329,813,4,9,81.88,3.0分,,81.88万
路虎,发现运动版PHEV,,,,,,,,,,3.0分,,
路虎,揽胜混动,,,,13.1,297,640,2,9,117.12,3.0分,,132.3万
路虎,揽胜电动,,,,,,,,,,3.0分,,
路虎,揽胜运动版混动,51,7.5,,13.1,297,640,24,167,73.59,5.0分,4篇口碑,86.48万
猎豹汽车,猎豹C5EV,,,,,50,,,,,5.0分,1篇口碑,
猎豹汽车,猎豹CS9 EV,360,8,0.75,50.38,,,,,,3.0分,2篇口碑,20.58-21.58万
力帆汽车,力帆330 EV,180,,,,,,,,,3.0分,,
力帆汽车,力帆620 EV,,,,,60,213,,,,3.0分,,
力帆汽车,力帆650EV,305,10,0.5,43.1,,,,,,3.0分,,
力帆汽车,力帆820EV,330,,,60,,,,,,3.0分,,
力帆汽车,迈威EV,405,,,60.4,,,,,,3.0分,,
理念,广汽本田VE-1,470,10.5,0.5,61.3,,,68,1604,15.93,3.0分,,15.98-18.38万
岚图,i-Land,,,,,,,,,,3.0分,,
雷丁,雷丁i3,160,6.5,,15.2,10,,28,244,5.02,3.0分,,4.98-6.28万
雷丁,雷丁i5,255,12,,25.55,30,150,,,,3.0分,,7.58万
雷丁,雷丁i9,470,5,0.67,59.13,,,,,,3.0分,,11.58-13.99万
乐视汽车,LeSEE,,,,,,,,,,3.0分,7篇口碑,
凌宝汽车,凌宝BOX,150,7,0.6,17.69,,,41,188,暂无,5.0分,1篇口碑,4.58万
零跑汽车,零跑S01,451,8,1,48,,,83,817,13.44,3.0分,,11.99-14.99万
零跑汽车,零跑T03,403,6,0.36,,,,823,1474,6.83,3.0分,,5.98-7.58万
零跑汽车,零跑C-more,,,,,,,,,,3.0分,,
领途汽车,领途S3,,,,,,,,,,3.0分,,
领途汽车,领途K-ONE,405,13,1,46.2,,,,,,3.0分,,17.58-21.58万
领途汽车,领途E行,300,12,1,36.79,,,10,10,暂无,5.0分,1篇口碑,
理想汽车,理想ONE,180,6,0.5,40.5,240,530,3830,18712,32.8,4.4分,5篇口碑,32.8万
路特斯,路特斯evija,,,,,,,,,,3.0分,,2188.0万
绿驰汽车,M500,,,,,,,,,,3.0分,,
绿驰汽车,金星,,,,,,,,,,3.0分,,
领克,ZERO Concept,,,,,,,,,,3.0分,,
领克,领克01混动,51,,,9.4,,,69,857,20.83,3.0分,,19.27-22.27万
领克,领克02混动,51,,,9.4,,,33,413,18.94,4.0分,1篇口碑,18.27-19.77万
领克,领克03混动,51,,,9.4,,,28,308,18.61,3.0分,,17.67-19.67万
领克,领克06混动,55,,,11.3,190,390,,,,3.0分,,15.86万
Micro,Microlino,,,,,,,,,,3.0分,,
摩登汽车,摩登A,,,,,,,,,,3.0分,,
玛莎拉蒂,GranCabrio纯电,,,,,,,,,,3.0分,,
玛莎拉蒂,GranTurismo纯电,,,,,,,,,,3.0分,,
马自达,马自达MX-30,,,,,,,,,,3.0分,,
MINI,MINI COUNTRYMAN混动,,,,,,,,,,3.0分,,
MINI,MINI EV,,,,,,,,,,3.0分,,
名爵,名爵eHS,75,,,16.6,214,480,84,629,19.1,3.0分,,18.98-21.98万
名爵,名爵EZS,335,6.5,0.5,44.5,,,25,358,12.73,3.0分,,11.98-14.98万
名爵,名爵6混动,70,3.5,,11.1,224,480,71,551,15.39,3.0分,,14.58-17.28万
敏安汽车,敏安MX-6,,,,,,,,,,3.0分,,
Neuron EV,T-ONE,,,,,,,,,,3.0分,,
Nikola,Badger,,,,,,,,,,3.0分,,
依维柯,欧胜EV,,,,,,,,,,3.0分,,
纳智捷,纳智捷U5 EV,,,,,,,,,,3.0分,,
纳智捷,锐3 EV,,,,,,,,,,3.0分,,
NEVS国能汽车,NEVS 9-3X,,,,,,,,,,3.0分,,
NEVS国能汽车,NEVS 93,355,7,0.5,45,130,280,,,,3.0分,,
哪吒汽车,哪吒Eureka 01,,,,,,,,,,3.0分,,
哪吒汽车,哪吒Eureka 03,,,,,,,,,,3.0分,,
哪吒汽车,哪吒V ,,,,,,,,,,3.0分,,
哪吒汽车,哪吒U,500,10,0.5,,,,444,961,15.69,3.0分,,13.98-19.98万
哪吒汽车,哪吒Eureka 02,,,,,,,,,,3.0分,,
哪吒汽车,哪吒N01,301,8,0.5,35,,,1225,3728,6.57,3.0分,,6.68-13.98万
欧宝,欧宝Corsa EV,,,,,,,,,,3.0分,,
欧拉,欧拉好猫,401,8,0.5,47.8,,,,,,3.5分,1篇口碑,
欧拉,欧拉iQ,421,8,0.75,54.35,,,680,1425,10.78,3.0分,,11.48-12.48万
欧拉,欧拉黑猫,405,6,0.5,37,,,5171,21774,6.93,3.0分,2篇口碑,6.98-8.48万
欧拉,欧拉白猫,401,,0.75,38,,,833,1228,7.41,3.0分,,7.18-8.88万
Polestar极星,Polestar 1混动,135,,,34,441,1000,1,14,145,3.0分,,145.0万
Polestar极星,Polestar 2,450,,0.67,71,300,660,55,126,40.42,3.0分,,41.8万
Polestar极星,Precept,,,,,,,,,,3.0分,,
Puritalia,Berlinetta,,,,,,,,,,3.0分,,
起亚,起亚K5混动,75,,,12.9,,,36,412,18.46,5.0分,6篇口碑,22.28-23.98万
起亚,起亚K3新能源,80,,,12.9,,,417,1098,15.66,3.0分,,20.98-21.88万
起亚,起亚KX3 EV,300,,,45.2,,,,,,3.0分,,23.98万
起亚,索兰托混动,,,,,,,,,,3.0分,,
起亚,Futuron,,,,,,,,,,3.0分,,
起亚,Seltos EV,,,,,,,,,,3.0分,,
起亚,起亚XCeed混动,,,,,,,,,,3.0分,,
起亚,起亚SP,,,,,,,,,,3.0分,,
奇瑞,艾瑞泽5e,401,9,0.5,53.6,,,1,75,10.44,5.0分,1篇口碑,15.98万
奇瑞,艾瑞泽7e,50,,,9.26,,,,,,5.0分,3篇口碑,
奇瑞,艾瑞泽e,401,9,0.5,54.3,,,57,469,12.2,3.0分,,10.98-14.38万
奇瑞,奇瑞eQ,200,8,,23.6,41.8,150,,,,3.0分,46篇口碑,
奇瑞,奇瑞蚂蚁,510,13,0.5,70.1,,,24,24,16.38,3.0分,1篇口碑,14.98-18.98万
奇瑞,瑞虎3xe,401,8,0.5,53.6,,,,,,3.0分,,9.38-10.68万
奇瑞,瑞虎e,401,8,0.5,53.6,,,95,1090,12.02,3.0分,,10.88-13.78万
奇瑞,奇瑞eQ1,301,7,0.5,30.6,,,3161,19583,7.1,4.8分,5篇口碑,5.98-7.88万
前途汽车,前途K20,,,,,,,,,,3.0分,,
前途汽车,前途K25,,,,,,,,,,3.0分,,
前途汽车,前途K50 EV,380,13,0.75,78.84,,,,,,4.8分,4篇口碑,75.43万
启辰,启辰D60 EV,405,6,0.5,50,,,389,1514,13.69,3.0分,,15.01-17.88万
启辰,启辰The V,,,,,,,,,,3.0分,,
启辰,启辰晨风,175,4,0.5,24,80,254,,,,4.0分,9篇口碑,
启辰,启辰T60 EV,442,6.8,0.5,60.7,,,18,284,13.92,3.0分,1篇口碑,16.38-18.18万
启辰,启辰e30,271,4,0.5,26.8,,,14,244,6.43,3.0分,,7.24-8.54万
奇点汽车,奇点iC3,,,,,,,,,,3.0分,,
奇点汽车,奇点iS6新能源,,,,,,,,,,3.0分,,
清源汽车,清源小尊,,,,,,,,,,3.0分,,
清源汽车,清源尊者,,,,,,,,,,3.0分,,
全球鹰,全球鹰K17,151,10,2,20,35,165,,,,1.0分,1篇口碑,
全球鹰,全球鹰K27,302,,,41.8,,,,,,3.0分,,6.28-7.38万
全球鹰,全球鹰K10,151,8,,,35,165,,,,3.0分,,
全球鹰,全球鹰K11,151,8,,,35,165,,,,3.0分,,
全球鹰,全球鹰K12,152,10,,20,35,165,,,,3.0分,,
全球鹰,全球鹰EX3,302,,,41.5,,,,,,3.0分,,
RIVIAN,RIVIAN R1S,,,,,,,,,,3.0分,,
RIVIAN,RIVIAN R1T,,,,,,,,,,3.0分,,
Rimac,Rimac C Two,,,,,,,,,,3.0分,,
日产,轩逸EV,338,8,0.75,38,,,732,1684,15,3.0分,,23.8-25.4万
日产,探路者Pathfinder新能源,,,,,,,,,,3.0分,,
日产,Vmotion新能源,,,,,,,,,,4.3分,41篇口碑,
日产,日产IMx新能源,,,,,,,,,,3.0分,,
日产,聆风新能源,,,,,,,,,,2.8分,3篇口碑,
日产,日产IMk,,,,,,,,,,3.0分,,
日产,日产IMQ混动,,,,,,,,,,3.0分,,
日产,日产IMs,,,,,,,,,,3.0分,,
荣威,科莱威Clever,302,5.5,,29.13,,,584,4474,4.5,3.0分,,4.6万
荣威,极光号,,,,,,,,,,3.0分,,
荣威,荣威e50,170,8,0.5,22.4,52,155,,,,3.6分,127篇口碑,
荣威,荣威RX5 MAX混动,70,5,,16.6,,,235,1835,20.33,3.0分,,19.58-23.58万
荣威,荣威Vision-E,,,,,,,,,,5.0分,1篇口碑,
荣威,荣威e550,,,,,67,464,,,,5.0分,1篇口碑,
荣威,荣威e950混动,60,3,,12,,,,,,2.4分,14篇口碑,
荣威,荣威Ei5,501,9.5,0.5,61.1,,,1242,7982,14.53,1.0分,2篇口碑,12.88-16.11万
荣威,荣威ei6混动,51,3.5,,9.1,224,480,565,5745,15.29,3.0分,5篇口碑,14.78-20.18万
荣威,荣威ei6 MAX,70,,,,224,480,,,,3.0分,,13.68-15.68万
荣威,荣威ERX5纯电,320,7,0.67,48.3,85,255,70,222,18.43,3.0分,,27.18-29.68万
荣威,荣威Marvel X,665,8.5,0.67,,,,63,601,25.95,5.0分,3篇口碑,26.88-30.88万
荣威,荣威eRX5混动,52,3,,11.1,224,480,658,3554,16.99,4.3分,40篇口碑,15.58-16.58万
R汽车,MARVEL-R,,,,,,,,,,3.0分,,
R汽车,R汽车 ER6,620,12,0.5,69.9,,,,,,3.0分,,16.28-20.08万
瑞驰新能源,瑞驰EK05,195,,,26.9,,,,,,3.0分,,5.29万
瑞驰新能源,瑞驰EC31,290,12,2,38.7,,,,,,3.0分,,10.28-10.98万
瑞驰新能源,瑞驰EK07S,280,11,2,29.95,,,,,,3.0分,,7.98万
瑞驰新能源,瑞驰S513,305,8,0.5,52.56,,,241,533,14.28,3.0分,,13.98-14.58万
瑞驰新能源,瑞驰EC35,300,12,2,41.86,,,,,,3.0分,,10.28万
瑞麒,瑞麒M1,,,,,,,,,,1.2分,337篇口碑,
SERES（赛力斯）,赛力斯SF5,150,6,4,35,,,76,339,28.9,3.0分,,24.9-33.9万
SERES（赛力斯）,SF SF7新能源,,,,,,,,,,3.0分,,
SONY,SONY Vision-S,,,,,,,,,,3.0分,,
三菱,E-more,,,,,,,,,,3.0分,,
三菱,GC-PHEV,,,,,,,,,,3.0分,,
斯巴鲁,Evoltis,,,,,,,,,,3.0分,,
斯柯达,ENYAQ iV,,,,,,,,,,3.0分,,
斯柯达,VISION X新能源,,,,,,,,,,3.0分,,
斯柯达,VISION iV,,,,,,,,,,3.0分,,
斯柯达,速派混动,,,,,,,,,,3.0分,,
smart,smart fortwo EV,145,,,17.6,55,130,,,,3.0分,,
上汽大通MAXUS,上汽MAXUS EUNIQ 5混动,64,3.5,,13,,,85,165,17.52,3.0分,,16.58-19.58万
上汽大通MAXUS,上汽MAXUS EUNIQ 7,,,,,,,,,,3.0分,,29.98-39.98万
上汽大通MAXUS,上汽MAXUS FCV80,,,,,,,,,,3.0分,,130.0万
上汽大通MAXUS,上汽MAXUS EG10,300,10,1.5,71.8,,,15,108,31.58,5.0分,1篇口碑,30.28-41.68万
上汽大通MAXUS,上汽MAXUS EV30,,,,52.5,,,,,,3.0分,,12.87-18.17万
上汽大通MAXUS,上汽MAXUS EUNIQ 5纯电,420,8,0.55,61.1,,,54,302,19.3,3.0分,,16.68-23.03万
上汽大通MAXUS,上汽MAXUS EUNIQ 6纯电,510,11,0.55,70,,,,,,3.0分,,17.58-23.5万
上汽大通MAXUS,上汽MAXUS  EV80,180,,1.8,53,,,,,,3.0分,,23.87-28.75万
上汽大通MAXUS,上汽MAXUS EV90,230,8,0.6,,,,,,,3.0分,,21.9-26.9万
上汽大通MAXUS,上汽MAXUS EUNIQ 6混动,62,3.5,,13,,,,,,3.0分,,16.58-20.58万
赛麟,迈迈,305,12,0.5,34.7,80,250,,,,3.0分,,15.88-16.88万
神州,DST神州5号,,,,,,,,,,3.0分,,10.68万
神州,航天金龙,320,,,50.232,,,,,,3.0分,,14.88万
速达,速达SA01,305,10,1,45,,,,,,3.0分,,17.0万
思铭,东风本田X-NV,401,9,0.5,53.6,120,280,466,5134,11.03,3.0分,,16.98-17.98万
思皓,思皓E20X,402,8.5,0.83,,,,4,184,9.94,3.0分,,12.8-13.8万
思皓,思皓E40X,,,,,,,,,,3.0分,,
思皓,思皓e50A,,,,,,,,,,3.0分,,
SRM鑫源,好运1号,270,,,41.86,,,,,,3.0分,,12.68-12.88万
SRM鑫源,好运2号,255,,,35.25,,,,,,3.0分,,11.68-11.88万
SRM鑫源,小海狮EV,255,,,35.25,,,,,,3.0分,,11.58-11.78万
SRM鑫源,鑫源T20EV,230,,,35.04,,,,,,3.0分,,10.68-10.98万
SRM鑫源,鑫源T50EV,288,,,54.66,,,,,,3.0分,,15.28-15.88万
SRM鑫源,鑫源X30LEV,305,,,49.1,,,33,87,暂无,3.0分,,16.98-17.08万
TOGG,TOGG C-SUV,,,,,,,,,,3.0分,,
泰卡特,泰卡特T7混动,,,,,,,,,,3.0分,,
特斯拉,Model 2,,,,,,,,,,3.0分,,
特斯拉,Model 3（进口）,595,10.5,4.5,75,,,28,1808,暂无,4.7分,14篇口碑,
特斯拉,特斯拉Model Y,,,,,,,,,,3.0分,,
特斯拉,特斯拉Roadster,,,,,,,,,,3.0分,,
特斯拉,Semi,,,,,,,,,,3.0分,,
特斯拉,cybertruck,,,,,,,,,,3.0分,,
特斯拉,特斯拉Model S,694,10,1,100,,,232,523,88.82,3.6分,116篇口碑,73.39-117.49万
特斯拉,特斯拉Model X,600,10,1,100,,,1977,4176,82.29,4.5分,29篇口碑,77.29-87.29万
特斯拉,特斯拉Model 3,468,10,1,55,,,10881,80681,32.66,2.8分,4篇口碑,26.97-41.98万
腾势,腾势,451,36,1,70,,,2,2,暂无,4.1分,10篇口碑,
腾势,腾势X混动,100,,,24,431,950,283,2077,28.23,5.0分,1篇口碑,28.98-31.98万
腾势,腾势X纯电,500,,0.5,82.8,,,32,275,31.66,3.0分,,31.98-35.78万
天津一汽,骏派D80 EV,,,,,,,,,,3.0分,,
天津一汽,骏派A70E,205,0.8,10,32.24,,,,,,3.0分,,
塔塔,Nexon新能源,,,,,,,,,,3.0分,,
天际汽车,天际ME7,530,14,0.8,72,,,2,7,25.52,5.0分,1篇口碑,21.88-28.98万
天美汽车,天美汽车ET5,520,11,0.5,71.98,,,4,4,暂无,3.0分,,15.28-19.88万
Vega Innovations,Vega EVX,,,,,,,,,,3.0分,,
沃尔沃,沃尔沃S90混动,53,8,3,11.6,288,640,209,1527,46.59,3.0分,2篇口碑,49.99-104.39万
沃尔沃,沃尔沃XC60混动,50,8,3,11.6,288,640,170,1019,45.89,5.0分,2篇口碑,52.79-60.59万
沃尔沃,沃尔沃S60混动,52,8,,11.6,288,640,68,235,36.09,3.0分,29篇口碑,39.99-46.19万
沃尔沃,沃尔沃XC40电动,,,,,,,,,,3.0分,,
沃尔沃,沃尔沃XC90混动,50,8,3,11.6,288,640,1,4,72.55,3.0分,,89.49万
沃尔沃,沃尔沃XC100,,,,,,,,,,3.0分,,
沃尔沃,沃尔沃XC40新能源,,,,,,,,,,3.0分,,
潍柴英致汽车,英致737 EV,252,13,1,41.8,,,,,,3.0分,,
潍柴英致汽车,英致EX1 EV,160,8,1.67,22.01,,,,,,3.0分,,
五菱,宏光MINI EV,170,9,,13.9,,,14733,23789,3.32,4.6分,5篇口碑,2.88-3.88万
五菱,五菱宏光S EV,,,,,,,,,,3.0分,,
五菱,五菱荣光EV,300,,,41.6,,,145,989,暂无,3.0分,,8.38-9.01万
五菱,五菱EV50,,,,,,,,,,3.0分,,10.8-11.98万
WEY,WEY P8混动,50,4,,12.96,250,524,,,,5.0分,3篇口碑,29.28-31.28万
WEY,WEY P8 GT,,,,,,,,,,3.0分,,
WEY,WEY VV7 GT混动,70,3.5,,,,,24,144,25.31,3.0分,,25.68万
WEY,WEY VV7混动,70,3.5,,,,,85,699,22.57,3.0分,,21.98-23.98万
蔚来汽车,蔚来ES8,580,12,1.5,100,,,1493,6033,49.76,4.6分,34篇口碑,46.8-62.4万
蔚来汽车,蔚来EP9,,45,,54,1000,1480,,,,4.7分,112篇口碑,
蔚来汽车,蔚来EC6,615,15,0.9,100,,,16,16,39.68,3.0分,,36.8-52.6万
蔚来汽车,蔚来ES6,610,14.5,1,100,,,3271,20370,39.34,4.5分,6篇口碑,35.8-52.6万
蔚来汽车,蔚来ET,,,,,,,,,,3.0分,,
蔚来汽车,蔚来EVE,,,,,,,,,,3.0分,,
威马汽车,威马EVOLVE,,,,,,,,,,3.0分,,
威马汽车,威马EX5,520,11.2,0.58,69,,,1649,9803,16.91,3.0分,,14.68-19.88万
威马汽车,威马EX6,501,10.5,0.58,,,,60,622,25.8,3.0分,1篇口碑,23.99-28.88万
威马汽车,威马Maven,,,,,,,,,,3.0分,,
现代,昂希诺 纯电动,500,10.5,,64.2,,,66,638,14.19,5.0分,1篇口碑,17.28-19.88万
现代,菲斯塔纯电动,490,9.5,0.67,56.5,,,95,883,15.67,5.0分,2篇口碑,17.38-19.88万
现代,领动混动,85,,,12.9,45,170,62,1080,15.48,3.0分,,15.78-17.88万
现代,索纳塔混动,75,4,,12.9,,,191,678,18.56,3.0分,,22.28-25.68万
现代,索纳塔九混动,35,,,,,,,,,3.0分,,
现代,伊兰特新能源,270,11,0.5,36,,,1,7,暂无,3.0分,,
现代,现代45,,,,,,,,,,3.0分,,
现代,IONIQ新能源,,,,,,,,,,3.0分,,
现代,KONA新能源,,,,,,,,,,3.0分,,
现代,PAV概念车,,,,,,,,,,3.0分,,
现代,Prophecy,,,,,,,,,,3.0分,,
现代,索纳塔新能源（进口）,,,,,,,,,,3.0分,,
西雅特,EL-BORN,,,,,,,,,,3.0分,,
西雅特,Minimo,,,,,,,,,,3.0分,,
雪佛兰,畅巡,410,8,0.67,52.5,,,167,819,14.46,3.0分,,15.99-17.99万
雪佛兰,沃蓝达混动,,,,,,,,,,3.3分,9篇口碑,
雪佛兰,E-10 Concept,,,,,,,,,,3.0分,,
雪铁龙,全新爱丽舍新能源,,,,,,,,,,3.0分,,
雪铁龙,天逸 C5 AIRCROSS混动,58,,,12.96,221,520,27,70,24.63,5.0分,1篇口碑,23.47-26.47万
雪铁龙,Ami,,,,,,,,,,3.0分,,
雪铁龙,Berlingo,,,,,,,,,,3.0分,,
雪铁龙,雪铁龙19_19,,,,,,,,,,3.0分,,
雪铁龙,ë-SPACETOURER ,,,,,,,,,,3.0分,,
小鹏汽车,小鹏汽车G3,520,5.5,0.5,66.5,,,849,7570,16.68,5.0分,2篇口碑,14.68-19.98万
小鹏汽车,小鹏汽车P7,552,6.5,0.52,80.9,,,2582,7088,27.46,3.0分,,22.99-34.99万
新宝骏,新宝骏E300,305,5,1,31.9,,,706,3166,7.44,3.0分,,6.48-8.48万
星途,星途TX PHEV,,,,,,,,,,3.0分,,
新特汽车,MEV100,,,,,,,,,,3.0分,,
新特汽车,SITECH DEV 1,,,,,,,20,116,8.62,3.0分,1篇口碑,13.99-16.49万
新特汽车,启能GEV,305,5.5,0.67,,,,,,,3.0分,,14.79-15.59万
新特汽车,新特AEV,,,,,,,,,,3.0分,,
英菲尼迪,QX Inspiration新能源,,,,,,,,,,3.0分,,
英菲尼迪,Qs Inspiration,,,,,,,,,,3.0分,,
英菲尼迪,Emerg-E,,,,,,,,,,3.3分,7篇口碑,
野马汽车,斯派卡EV,350,8,0.67,48,,,5,5,11.49,3.0分,,9.99-12.99万
野马汽车,野马EC30,355,6.5,1,47.17,,,6,27,暂无,3.0分,,
野马汽车,野马EC70,304,7,0.5,,,,,,,3.0分,,
一汽吉林,佳宝V80 EV,230,10,1.2,,,,,,,3.0分,,11.98-13.68万
一汽吉林,森雅R7 EV,375,9,1,50.64,,,,,,3.0分,,17.98万
野马新能源,星歌,,,,,,,,,,3.0分,,
野马新能源,野马EC60,400,7,1,51.06,,,,,,3.0分,,10.99万
银隆新能源,银隆5024 EV,,,,,,,,,,3.0分,,11.0万
银隆新能源,银隆艾菲,450,8,2,103,100,320,,,,3.0分,,43.0万
远程汽车,远程E5,280,8,1,41.86,,,,,,3.0分,,11.96-12.56万
远程汽车,远程E6,,8,0.75,50.37,,,,,,3.0分,,12.98-15.76万
裕路,裕路EV2,150,9,,21.9,27,140,,,,3.0分,,11.98-12.28万
云度,云度π1,430,8,0.5,49.8,,,78,200,10.98,3.0分,2篇口碑,11.28-11.98万
云度,云度π3,401,8,0.5,51,,,18,78,13.41,3.0分,7篇口碑,13.28-14.48万
云度,云度π7,,,,,,,,,,3.0分,,
云度,云度V01L,261,11,0.75,39.9,,,,,,3.0分,,12.98万
驭胜,驭胜S330混动,,,,,,,,,,3.0分,,
中华,中华H530 EV,,,,,,,,,,3.0分,,
中华,中华H230 EV,150,3.5,1,24,,,,,,2.5分,1篇口碑,
众泰,众泰云100,255,,,28.4,38,150,,,,4.0分,29篇口碑,
众泰,众泰芝麻,330,,,31.85,15,,,,,3.2分,15篇口碑,
众泰,众泰E330,,,,,,,,,,3.0分,,
众泰,众泰T100 EV,,,,,,,,,,3.0分,,
众泰,众泰E200,301,14,0.75,31.9,,,25,597,5.11,4.0分,46篇口碑,6.99万
众泰,众泰ET450,,,,,,,,,,3.0分,,
众泰,众泰M10EV,260,,,49.92,,,,,,3.0分,,14.68万
众泰,众泰T300 EV,250,14,0.5,42.7,,,,,,3.0分,,
众泰,众泰Z500 EV,330,9,0.5,49.7,,,,,,3.0分,,
众泰,众泰知豆E20,120,,,,18,82,,,,3.0分,16篇口碑,
正道汽车,正道H600,,,,,,,,,,3.0分,5篇口碑,
正道汽车,正道k550,,,,,,,,,,3.0分,,
正道汽车,正道K750,,,,,,,,,,3.0分,7篇口碑,
知豆,知豆D1,180,8,,18,15,95,,,,5.0分,7篇口碑,
知豆,知豆D2,255,6,,27,15,90,,,,3.9分,94篇口碑,
知豆,知豆D3,310,,,33,30,105,,,,3.0分,55篇口碑,
之诺,之诺60H混动,60,3.7,2.9,10.7,170,385,,,,5.0分,4篇口碑,
